fullname,eid,class,class,"email Responsável, Pai",phone Pai,"phone Responsável, Mãe",email Mãe,email Aluno,phone Aluno,invisible,see_all
John Doe 1,1234,Sala 1 / Sala 2,Sala 3,johndoepai1@gmail.com :),11 22221,(11) 38839332,johndoemae1@gmail.com,johndoealuno1@gmail.com,hahaha,1,
John Doe 1,1234,Sala 4,"Sala 5, Sala 6",johndoepai2@gmail.com/johndoepai3@gmail.com,19 985504400,(11) 38839333,11 983340440,,,,yes
Mary Doe 2,1235,Sala 1,,marydoe1@gmail.com,,(11) 98334228,,,,0,no
Victor Doe 3,1236,Sala 6,Sala 7,victordoepai1@hotmail.com,,,victordoe3@gmail.com,victordoe3@gmail.com,19 74430033,,
